LEU	VdW
LEU_0	720985.478
LEU_1	895.412
LEU_2	11.972
LEU_3	7043558.246
LEU_4	10.911
LEU_5	-5.904
LEU_6	34.226
LEU_7	41294329644.858
LEU_8	-5.557
LEU_9	16310.202
LEU_10	663124.787
LEU_11	8194.239
LEU_12	-6.155
LEU_13	276451451.585
LEU_14	2292.289
LEU_15	475868436181.892
LEU_16	-4.402
LEU_17	435513602.773
LEU_18	434422809.211
LEU_19	70857822.014
LEU_20	1821455.516
LEU_21	17556960.013
LEU_22	1.3207428000782443e+17
LEU_23	6.673
LEU_24	16959441.787
LEU_25	9.346
LEU_26	79066.92
LEU_27	4.583
LEU_28	4363368.841
LEU_29	22450993.713
LEU_30	191210.505
LEU_31	16371.271
LEU_32	15216.223
LEU_33	7.391
LEU_34	20601.611
LEU_35	-5.581
LEU_36	10718.434
LEU_37	67658046.005
LEU_38	67.065
LEU_39	2.1791430581993e+16
LEU_40	11.297
LEU_41	-4.525
LEU_42	11.187
LEU_43	7.644
LEU_44	1228335.847
LEU_45	437281.421
LEU_46	-5.692
LEU_47	21027252867216.78
LEU_48	1066895.471
LEU_49	78824.213
LEU_50	49.771
LEU_51	4023455.226
LEU_52	52464646.685
LEU_53	4216568.257
LEU_54	2400674.676
LEU_55	174373243451.235
LEU_56	976987.264
LEU_57	27.938
LEU_58	1172968122.208
LEU_59	2061256.063
LEU_60	198337523942.427
LEU_61	1147020852.055
LEU_62	404606.607
LEU_63	751267.429
LEU_64	-4.464
LEU_65	39074994.45
LEU_66	8.041
LEU_67	11.75
LEU_68	1033375.764
LEU_69	619786.838
LEU_70	475809280.116
LEU_71	1672079.837
LEU_72	314203330.15
LEU_73	20.19
LEU_74	31591.259
LEU_75	30.443
LEU_76	390805.36
LEU_77	5208413296.523
LEU_78	10547.447
LEU_79	11.055
LEU_80	16647.797
LEU_81	-4.978
